{
  "current_date": "2025-05-12",
  "last_tweet_time": "2025-05-12T20:39:20.905120",
  "daily_tweet_count": 1,
  "total_tweets": 4,
  "announced_coins": [],
  "tweet_history": [
    {
      "id": "1922028844527288831",
      "type": "night",
      "timestamp": "2025-05-12T20:39:20.905134",
      "text": "Crypto gm, folks. Another day, another dollar, or ..."
    },
    {
      "id": "1919562037103100418",
      "type": "night",
      "timestamp": "2025-05-06T01:17:08.148474",
      "text": "The late-night charts often whisper truths we over..."
    },
    {
      "id": "1919084240681177424",
      "type": "market_commentary",
      "timestamp": "2025-05-04T17:38:32.604673",
      "text": "Bitcoin's new ATH is exciting, but let's not forge..."
    },
    {
      "id": "1918713600967094467",
      "type": "market_commentary",
      "timestamp": "2025-05-03T17:05:45.211298",
      "text": "Mind9: The NFT market's \"resurgence\" is just the l..."
    }
  ]
}